{
  "generated_at_utc": "2026-02-16T13:22:24.058011+00:00",
  "iterations": 5,
  "environment": {
    "python_version": "3.10.19",
    "torch_version": "2.10.0+cu128",
    "platform": "Linux-6.12.47-x86_64-with-glibc2.39"
  },
  "compression_mode": "none",
  "write_speed": {
    "avg_seconds": 1.090716791800014,
    "min_seconds": 0.9807584370000768,
    "max_seconds": 1.3404063539999242,
    "ops_per_second": 0.9168282798229376,
    "mb_per_second": 3.9125821013076
  },
  "read_speed": {
    "avg_seconds": 3.395471288799945,
    "min_seconds": 3.345210382999994,
    "max_seconds": 3.452377408999837,
    "ops_per_second": 0.2945099265891387,
    "mb_per_second": 1.2568264257143307
  },
  "compression": {
    "raw_size_bytes": 4474818,
    "compressed_size_bytes": 498132,
    "compression_ratio": 8.983197224831972,
    "space_saving_percent": 88.86810592073242,
    "method": "zlib-fallback"
  }
}
